,electorates,postcode
0,"Grayndler, Sydney",2000
1,Sydney,2001
2,,2002
3,,2004
4,Sydney,2006
5,Sydney,2007
6,Sydney,2008
7,Sydney,2009
8,"Sydney, Wentworth",2010
9,"Sydney, Wentworth",2011
10,,2012
11,,2013
12,Sydney,2015
13,Sydney,2016
14,Sydney,2017
15,"Kingsford Smith, Sydney",2018
16,Kingsford Smith,2019
17,Kingsford Smith,2020
18,Wentworth,2021
19,Wentworth,2022
20,Wentworth,2023
21,Wentworth,2024
22,Wentworth,2025
23,Wentworth,2026
24,Wentworth,2027
25,Wentworth,2028
26,Wentworth,2029
27,Wentworth,2030
28,"Kingsford Smith, Wentworth",2031
29,Kingsford Smith,2032
30,Kingsford Smith,2033
31,Kingsford Smith,2034
32,Kingsford Smith,2035
33,Kingsford Smith,2036
34,Sydney,2037
35,"Grayndler, Sydney",2038
36,Grayndler,2039
37,Grayndler,2040
38,Grayndler,2041
39,"Grayndler, Sydney",2042
40,Sydney,2043
41,"Barton, Grayndler, Sydney",2044
42,Grayndler,2045
43,Reid,2046
44,"Grayndler, Reid",2047
45,"Grayndler, Sydney",2048
46,Grayndler,2049
47,"Grayndler, Sydney",2050
48,Kingsford Smith,2052
49,,2055
50,,2057
51,,2058
52,,2059
53,North Sydney,2060
54,North Sydney,2061
55,North Sydney,2062
56,North Sydney,2063
57,North Sydney,2064
58,North Sydney,2065
59,North Sydney,2066
60,"Bennelong, Bradfield, North Sydney",2067
61,North Sydney,2068
62,Bradfield,2069
63,Bradfield,2070
64,Bradfield,2071
65,Bradfield,2072
66,Bradfield,2073
67,Bradfield,2074
68,Bradfield,2075
69,"Bradfield, Berowra",2076
70,"Berowra, Bradfield",2077
71,"Bradfield, Berowra",2079
72,Berowra,2080
73,Berowra,2081
74,Berowra,2082
75,"Berowra, Robertson",2083
76,Mackellar,2084
77,Mackellar,2085
78,"Mackellar, Warringah",2086
79,"Mackellar, Warringah",2087
80,Warringah,2088
81,"North Sydney, Warringah",2089
82,"North Sydney, Warringah",2090
83,,2091
84,Warringah,2092
85,Warringah,2093
86,Warringah,2094
87,Warringah,2095
88,Warringah,2096
89,Mackellar,2097
90,"Mackellar, Warringah",2099
91,"Mackellar, Warringah",2100
92,Mackellar,2101
93,Mackellar,2102
94,Mackellar,2103
95,Mackellar,2104
96,Mackellar,2105
97,Mackellar,2106
98,Mackellar,2107
99,Mackellar,2108
100,,2109
101,North Sydney,2110
102,"Bennelong, North Sydney",2111
103,Bennelong,2112
104,Bennelong,2113
105,Bennelong,2114
106,"Bennelong, Parramatta",2115
107,Parramatta,2116
108,"Bennelong, Parramatta",2117
109,"Bennelong, Berowra, Parramatta",2118
110,"Bennelong, Berowra",2119
111,Berowra,2120
112,Bennelong,2121
113,Bennelong,2122
114,,2123
115,,2124
116,"Mitchell, Berowra",2125
117,Berowra,2126
118,Reid,2127
119,"Blaxland, Reid",2128
120,Reid,2129
121,"Grayndler, Watson",2130
122,"Grayndler, Reid, Watson",2131
123,"Reid, Watson",2132
124,Watson,2133
125,"Reid, Watson",2134
126,Reid,2135
127,Watson,2136
128,Reid,2137
129,Reid,2138
130,,2139
131,Reid,2140
132,"Blaxland, Watson, Reid",2141
133,"Blaxland, Parramatta",2142
134,Blaxland,2143
135,"Blaxland, Reid",2144
136,"Greenway, McMahon, Parramatta",2145
137,"Greenway, Mitchell, Parramatta",2146
138,Greenway,2147
139,"Greenway, Chifley, McMahon",2148
140,Parramatta,2150
141,"Mitchell, Parramatta",2151
142,"Mitchell, Parramatta",2152
143,Mitchell,2153
144,"Berowra, Mitchell",2154
145,"Greenway, Mitchell",2155
146,"Berowra, Mitchell",2156
147,Berowra,2157
148,Berowra,2158
149,Berowra,2159
150,"McMahon, Parramatta",2160
151,"Blaxland, Fowler, McMahon, Parramatta",2161
152,Blaxland,2162
153,"Blaxland, Fowler",2163
154,McMahon,2164
155,"Fowler, McMahon",2165
156,"Fowler, McMahon",2166
157,Werriwa,2167
158,Werriwa,2168
159,"Hughes, Fowler, Werriwa",2170
160,Werriwa,2171
161,Hughes,2172
162,Hughes,2173
163,"Hughes, Werriwa",2174
164,McMahon,2175
165,"Fowler, McMahon",2176
166,"Fowler, Werriwa",2177
167,"McMahon, Werriwa",2178
168,"Macarthur, Werriwa",2179
169,Watson,2190
170,Watson,2191
171,"Barton, Watson",2192
172,"Barton, Grayndler, Watson",2193
173,"Barton, Watson",2194
174,Watson,2195
175,Watson,2196
176,Blaxland,2197
177,Blaxland,2198
178,Blaxland,2199
179,"Blaxland, Watson",2200
180,"Barton, Grayndler",2203
181,"Grayndler, Barton",2204
182,Barton,2205
183,Barton,2206
184,Barton,2207
185,"Barton, Watson",2208
186,"Barton, Banks, Watson",2209
187,"Banks, Watson",2210
188,"Banks, Blaxland, Watson",2211
189,"Blaxland, Banks",2212
190,Banks,2213
191,"Banks, Blaxland",2214
192,Barton,2216
193,"Barton, Cook",2217
194,"Barton, Banks",2218
195,Cook,2219
196,"Barton, Banks",2220
197,"Banks, Cook",2221
198,"Banks, Barton",2222
199,Banks,2223
200,"Cook, Hughes",2224
201,Hughes,2225
202,Hughes,2226
203,"Hughes, Cook",2227
204,Cook,2228
205,Cook,2229
206,"Hughes, Cook",2230
207,Cook,2231
208,"Hughes, Cunningham",2232
209,Hughes,2233
210,Hughes,2234
211,"Dobell, Hunter, Robertson",2250
212,Robertson,2251
213,,2252
214,Robertson,2256
215,Robertson,2257
216,Dobell,2258
217,"Dobell, Shortland, Hunter",2259
218,"Dobell, Robertson",2260
219,Dobell,2261
220,"Dobell, Shortland",2262
221,Dobell,2263
222,Hunter,2264
223,Hunter,2265
224,Hunter,2267
225,Hunter,2278
226,Shortland,2280
227,Shortland,2281
228,Shortland,2282
229,Hunter,2283
230,"Hunter, Shortland",2284
231,"Newcastle, Hunter, Shortland",2285
232,Hunter,2286
233,"Newcastle, Hunter",2287
234,"Newcastle, Shortland",2289
235,Shortland,2290
236,Newcastle,2291
237,Newcastle,2292
238,Newcastle,2293
239,Newcastle,2294
240,"Newcastle, Paterson",2295
241,Newcastle,2296
242,Newcastle,2297
243,Newcastle,2298
244,Newcastle,2299
245,Newcastle,2300
246,Newcastle,2302
247,Newcastle,2303
248,Newcastle,2304
249,"Newcastle, Shortland",2305
250,Shortland,2306
251,Newcastle,2307
252,Newcastle,2308
253,,2309
254,,2310
255,Lyne,2311
256,Lyne,2312
257,Paterson,2314
258,"Paterson, Lyne",2315
259,Paterson,2316
260,"Paterson, Lyne",2317
261,"Lyne, Paterson",2318
262,Paterson,2319
263,"Hunter, Lyne, Paterson",2320
264,"Lyne, Paterson",2321
265,"Newcastle, Lyne, Paterson",2322
266,"Hunter, Paterson",2323
267,"Lyne, Paterson",2324
268,"Hunter, Paterson",2325
269,"Paterson, Hunter",2326
270,"Hunter, Paterson",2327
271,Hunter,2328
272,"New England, Parkes",2329
273,"Hunter, Macquarie, New England",2330
274,Hunter,2331
275,"Hunter, New England",2333
276,"Hunter, Paterson",2334
277,"Hunter, Lyne",2335
278,"Hunter, New England",2336
279,New England,2337
280,New England,2338
281,New England,2339
282,"New England, Parkes",2340
283,New England,2341
284,"New England, Parkes",2342
285,"New England, Parkes",2343
286,New England,2344
287,New England,2345
288,New England,2346
289,"Parkes, New England",2347
290,,2348
291,New England,2350
292,New England,2351
293,New England,2352
294,New England,2353
295,New England,2354
296,New England,2355
297,Parkes,2356
298,"New England, Parkes",2357
299,New England,2358
300,New England,2359
301,"New England, Parkes",2360
302,New England,2361
303,New England,2365
304,New England,2369
305,"New England, Page",2370
306,New England,2371
307,New England,2372
308,"New England, Parkes",2379
309,"Parkes, New England",2380
310,"New England, Parkes",2381
311,Parkes,2382
312,Parkes,2386
313,Parkes,2387
314,Parkes,2388
315,"New England, Parkes",2390
316,Parkes,2395
317,Parkes,2396
318,Parkes,2397
319,Parkes,2398
320,Parkes,2399
321,Parkes,2400
322,Parkes,2401
323,"New England, Parkes",2402
324,"Parkes, New England",2403
325,"Parkes, New England",2404
326,Parkes,2405
327,"Parkes, Maranoa",2406
328,Parkes,2408
329,Parkes,2409
330,New England,2410
331,Parkes,2411
332,Lyne,2415
333,Lyne,2420
334,Lyne,2421
335,Lyne,2422
336,Lyne,2423
337,Lyne,2424
338,Lyne,2425
339,Lyne,2426
340,Lyne,2427
341,Lyne,2428
342,Lyne,2429
343,Lyne,2430
344,Cowper,2431
345,Lyne,2439
346,"Cowper, New England",2440
347,"Cowper, Lyne",2441
348,,2442
349,Lyne,2443
350,"Cowper, Lyne",2444
351,Lyne,2445
352,Lyne,2446
353,Cowper,2447
354,Cowper,2448
355,Cowper,2449
356,"Cowper, Page",2450
357,Cowper,2452
358,"Cowper, New England, Page",2453
359,Cowper,2454
360,Cowper,2455
361,Page,2456
362,Page,2460
363,Page,2462
364,Page,2463
365,Page,2464
366,Page,2465
367,Page,2466
368,"Page, New England",2469
369,Page,2470
370,Page,2471
371,Page,2472
372,Page,2473
373,Page,2474
374,"New England, Page",2475
375,"New England, Page",2476
376,"Page, Richmond",2477
377,"Richmond, Page",2478
378,Richmond,2479
379,"Richmond, Page",2480
380,Richmond,2481
381,Richmond,2482
382,Richmond,2483
383,Richmond,2484
384,Richmond,2485
385,Richmond,2486
386,Richmond,2487
387,Richmond,2488
388,Richmond,2489
389,Richmond,2490
390,Cunningham,2500
391,"Cunningham, Whitlam",2502
392,Cunningham,2505
393,Whitlam,2506
394,"Cunningham, Hume",2508
395,Cunningham,2515
396,Cunningham,2516
397,Cunningham,2517
398,Cunningham,2518
399,Cunningham,2519
400,,2520
401,,2521
402,,2522
403,Cunningham,2525
404,"Cunningham, Whitlam",2526
405,"Whitlam, Gilmore",2527
406,Whitlam,2528
407,Whitlam,2529
408,Whitlam,2530
409,"Gilmore, Whitlam",2533
410,Gilmore,2534
411,Gilmore,2535
412,Gilmore,2536
413,"Gilmore, Eden-Monaro",2537
414,Gilmore,2538
415,Gilmore,2539
416,"Gilmore, Fenner",2540
417,Gilmore,2541
418,"Eden-Monaro, Gilmore",2545
419,Eden-Monaro,2546
420,Eden-Monaro,2548
421,Eden-Monaro,2549
422,Eden-Monaro,2550
423,Eden-Monaro,2551
424,"Hume, Lindsay, Werriwa",2555
425,"Macarthur, Hume, Werriwa",2556
426,"Macarthur, Werriwa",2557
427,Macarthur,2558
428,Macarthur,2559
429,"Hume, Macarthur",2560
430,Macarthur,2563
431,Werriwa,2564
432,"Macarthur, Werriwa",2565
433,Macarthur,2566
434,"Macarthur, Hume",2567
435,"Hume, Macarthur",2568
436,Hume,2569
437,"Hume, Macarthur",2570
438,Hume,2571
439,Hume,2572
440,Hume,2573
441,"Hume, Whitlam",2574
442,"Hume, Whitlam",2575
443,Whitlam,2576
444,"Hume, Gilmore, Whitlam",2577
445,Hume,2578
446,"Hume, Whitlam",2579
447,"Hume, Calare, Eden-Monaro",2580
448,"Hume, Eden-Monaro",2581
449,"Eden-Monaro, Hume, Riverina",2582
450,Hume,2583
451,"Eden-Monaro, Riverina",2584
452,Riverina,2585
453,"Hume, Eden-Monaro, Riverina",2586
454,Riverina,2587
455,Riverina,2588
456,Riverina,2590
457,Riverina,2594
458,Canberra,2600
459,Canberra,2601
460,Fenner,2602
461,Canberra,2603
462,Canberra,2604
463,Canberra,2605
464,Canberra,2606
465,Canberra,2607
466,,2608
467,"Fenner, Canberra",2609
468,,2610
469,"Canberra, Eden-Monaro",2611
470,"Canberra, Fenner",2612
471,Fenner,2614
472,Fenner,2615
473,,2616
474,"Canberra, Fenner",2617
475,"Fenner, Eden-Monaro",2618
476,Eden-Monaro,2619
477,"Canberra, Eden-Monaro, Fenner",2620
478,Eden-Monaro,2621
479,"Eden-Monaro, Gilmore",2622
480,Eden-Monaro,2623
481,Eden-Monaro,2624
482,Eden-Monaro,2625
483,Eden-Monaro,2626
484,Eden-Monaro,2627
485,"Eden-Monaro, Gilmore",2628
486,Eden-Monaro,2629
487,Eden-Monaro,2630
488,Eden-Monaro,2631
489,Eden-Monaro,2632
490,Eden-Monaro,2633
491,"Farrer, Eden-Monaro",2640
492,Farrer,2641
493,"Farrer, Eden-Monaro, Riverina",2642
494,Farrer,2643
495,Farrer,2644
496,"Farrer, Riverina",2645
497,Farrer,2646
498,Farrer,2647
499,"Farrer, Parkes",2648
500,Eden-Monaro,2649
501,"Farrer, Riverina",2650
502,Riverina,2651
503,"Farrer, Riverina, Eden-Monaro",2652
504,Eden-Monaro,2653
505,Riverina,2655
506,"Farrer, Riverina",2656
507,"Farrer, Riverina",2658
508,"Farrer, Riverina",2659
509,Farrer,2660
510,Riverina,2661
511,Riverina,2663
512,"Farrer, Riverina",2665
513,Riverina,2666
514,Riverina,2668
515,"Farrer, Riverina, Parkes",2669
516,"Riverina, Parkes",2671
517,Parkes,2672
518,Farrer,2675
519,Riverina,2678
520,Farrer,2680
521,Farrer,2681
522,Farrer,2700
523,Riverina,2701
524,Riverina,2702
525,Farrer,2703
526,Farrer,2705
527,Farrer,2706
528,Farrer,2707
529,,2708
530,Farrer,2710
531,Farrer,2711
532,Farrer,2712
533,Farrer,2713
534,Farrer,2714
535,Farrer,2715
536,Farrer,2716
537,Farrer,2717
538,Eden-Monaro,2720
539,Riverina,2721
540,"Eden-Monaro, Riverina",2722
541,Riverina,2725
542,Riverina,2726
543,"Eden-Monaro, Riverina",2727
544,"Eden-Monaro, Riverina",2729
545,Eden-Monaro,2730
546,Farrer,2731
547,Farrer,2732
548,Farrer,2733
549,Farrer,2734
550,Farrer,2735
551,Farrer,2736
552,Farrer,2737
553,Farrer,2738
554,Farrer,2739
555,"Lindsay, Hume",2745
556,"Lindsay, Chifley",2747
557,"Lindsay, McMahon",2748
558,Lindsay,2749
559,Lindsay,2750
560,,2751
561,Hume,2752
562,"Lindsay, Macquarie",2753
563,Macquarie,2754
564,Macquarie,2755
565,"Berowra, Macquarie",2756
566,Macquarie,2757
567,Macquarie,2758
568,McMahon,2759
569,"Lindsay, Chifley",2760
570,Chifley,2761
571,"Greenway, Chifley",2762
572,"Greenway, Chifley",2763
573,"Greenway, Chifley, Lindsay, Mitchell, Berowra, Macquarie",2765
574,"Chifley, McMahon",2766
575,Chifley,2767
576,Greenway,2768
577,Greenway,2769
578,"Chifley, McMahon",2770
579,Macquarie,2773
580,Macquarie,2774
581,"Macquarie, Berowra, Robertson",2775
582,Macquarie,2776
583,Macquarie,2777
584,Macquarie,2778
585,Macquarie,2779
586,Macquarie,2780
587,Macquarie,2782
588,Macquarie,2783
589,Macquarie,2784
590,"Macquarie, Calare",2785
591,"Macquarie, Calare",2786
592,"Hume, Calare",2787
593,Calare,2790
594,Calare,2791
595,"Calare, Riverina",2792
596,Riverina,2793
597,"Hume, Riverina",2794
598,Calare,2795
599,,2796
600,"Calare, Riverina",2797
601,Calare,2798
602,"Calare, Riverina",2799
603,Calare,2800
604,Riverina,2803
605,"Calare, Riverina",2804
606,"Calare, Riverina",2805
607,"Calare, Riverina",2806
608,Riverina,2807
609,"Hume, Riverina",2808
610,Riverina,2809
611,Riverina,2810
612,"Calare, Parkes",2820
613,Parkes,2821
614,"Parkes, Riverina",2823
615,Parkes,2824
616,Parkes,2825
617,Parkes,2827
618,Parkes,2828
619,Parkes,2829
620,"Calare, Parkes",2830
621,"Parkes, Calare",2831
622,Parkes,2832
623,Parkes,2833
624,Parkes,2834
625,Parkes,2835
626,Parkes,2836
627,Parkes,2839
628,Parkes,2840
629,Parkes,2842
630,"New England, Parkes",2843
631,"Calare, Parkes",2844
632,Calare,2845
633,Calare,2846
634,Calare,2847
635,Calare,2848
636,Calare,2849
637,"Calare, New England",2850
638,"Calare, Parkes",2852
639,Calare,2864
640,Calare,2865
641,Calare,2866
642,Calare,2867
643,Calare,2868
644,"Riverina, Parkes",2869
645,"Calare, Riverina",2870
646,"Riverina, Parkes",2871
647,"Parkes, Riverina",2873
648,"Parkes, Riverina",2874
649,"Parkes, Riverina",2875
650,Riverina,2876
651,"Parkes, Riverina",2877
652,"Farrer, Parkes",2878
653,Parkes,2879
654,"Maranoa, Parkes",2880
655,,2890
656,,2891
657,Sydney,2898
658,,2899
659,Canberra,2900
660,,2901
661,Canberra,2902
662,Canberra,2903
663,Canberra,2904
664,Canberra,2905
665,Canberra,2906
666,Fenner,2911
667,Fenner,2912
668,Fenner,2913
669,Fenner,2914
670,Melbourne,3000
671,,3001
672,Melbourne,3002
673,Melbourne,3003
674,"Melbourne Ports, Melbourne",3004
675,,3005
676,Melbourne Ports,3006
677,"Melbourne Ports, Melbourne",3008
678,,3010
679,Gellibrand,3011
680,"Gellibrand, Maribyrnong",3012
681,Gellibrand,3013
682,Gellibrand,3015
683,Gellibrand,3016
684,Gellibrand,3018
685,Maribyrnong,3019
686,"Gellibrand, Maribyrnong",3020
687,"Gorton, Maribyrnong",3021
688,Gellibrand,3022
689,Gorton,3023
690,"Gorton, Lalor",3024
691,Gellibrand,3025
692,"Gellibrand, Lalor",3026
693,Lalor,3027
694,"Gellibrand, Lalor",3028
695,"Lalor, Gorton",3029
696,"Gorton, Lalor",3030
697,Melbourne,3031
698,"Maribyrnong, Melbourne",3032
699,"Calwell, Maribyrnong",3033
700,Maribyrnong,3034
701,Calwell,3036
702,"Gorton, Calwell",3037
703,Calwell,3038
704,Maribyrnong,3039
705,Maribyrnong,3040
706,"Maribyrnong, Wills",3041
707,"Calwell, Maribyrnong",3042
708,"Calwell, Wills",3043
709,Wills,3044
710,Calwell,3045
711,Wills,3046
712,Calwell,3047
713,Calwell,3048
714,Calwell,3049
715,,3050
716,Melbourne,3051
717,Melbourne,3052
718,Melbourne,3053
719,Melbourne,3054
720,Wills,3055
721,Wills,3056
722,Wills,3057
723,"Batman, Wills",3058
724,Calwell,3059
725,"Calwell, Wills",3060
726,Calwell,3061
727,Calwell,3062
728,McEwen,3063
729,"Calwell, McEwen",3064
730,Melbourne,3065
731,Melbourne,3066
732,Melbourne,3067
733,"Batman, Melbourne, Wills",3068
734,Batman,3070
735,Batman,3071
736,Batman,3072
737,Batman,3073
738,"Batman, Scullin",3074
739,Scullin,3075
740,Scullin,3076
741,Batman,3078
742,Jagajaga,3079
743,Jagajaga,3081
744,Scullin,3082
745,"Batman, Jagajaga, Scullin",3083
746,Jagajaga,3084
747,"Batman, Jagajaga",3085
748,,3086
749,"Jagajaga, Scullin",3087
750,"Jagajaga, Scullin",3088
751,Scullin,3089
752,Scullin,3090
753,Scullin,3091
754,Jagajaga,3093
755,Jagajaga,3094
756,Jagajaga,3095
757,Scullin,3096
758,"Jagajaga, McEwen",3097
759,"McEwen, Scullin",3099
760,Kooyong,3101
761,Kooyong,3102
762,Kooyong,3103
763,Kooyong,3104
764,Menzies,3105
765,Menzies,3106
766,Menzies,3107
767,Menzies,3108
768,Menzies,3109
769,,3110
770,Menzies,3111
771,"Jagajaga, Menzies",3113
772,Menzies,3114
773,"Menzies, Casey",3115
774,Casey,3116
775,Melbourne,3121
776,Kooyong,3122
777,"Higgins, Kooyong",3123
778,"Higgins, Kooyong",3124
779,Chisholm,3125
780,Kooyong,3126
781,"Chisholm, Kooyong",3127
782,Chisholm,3128
783,"Chisholm, Kooyong",3129
784,"Chisholm, Deakin",3130
785,"Chisholm, Deakin",3131
786,Deakin,3132
787,Deakin,3133
788,"Deakin, Menzies",3134
789,Deakin,3135
790,"Casey, Deakin, Menzies",3136
791,Casey,3137
792,Casey,3138
793,"Casey, La Trobe",3139
794,Casey,3140
795,"Higgins, Melbourne Ports",3141
796,Higgins,3142
797,Higgins,3143
798,Higgins,3144
799,"Higgins, Melbourne Ports",3145
800,"Higgins, Kooyong",3146
801,"Higgins, Chisholm",3147
802,Chisholm,3148
803,"Bruce, Chisholm",3149
804,Bruce,3150
805,Chisholm,3151
806,Aston,3152
807,"Aston, Casey, Deakin",3153
808,"Aston, La Trobe",3154
809,"Aston, La Trobe",3155
810,"Aston, Holt, La Trobe",3156
811,La Trobe,3158
812,La Trobe,3159
813,La Trobe,3160
814,Melbourne Ports,3161
815,"Goldstein, Melbourne Ports",3162
816,"Goldstein, Higgins, Hotham, Melbourne Ports",3163
817,,3164
818,Hotham,3165
819,"Higgins, Hotham, Chisholm",3166
820,"Hotham, Chisholm",3167
821,"Hotham, Bruce, Chisholm",3168
822,"Hotham, Chisholm",3169
823,Bruce,3170
824,"Bruce, Hotham",3171
825,Hotham,3172
826,"Hotham, Isaacs",3173
827,"Hotham, Isaacs, Bruce",3174
828,"Isaacs, Bruce",3175
829,,3176
830,Holt,3177
831,Aston,3178
832,Aston,3179
833,Aston,3180
834,"Higgins, Melbourne Ports",3181
835,Melbourne Ports,3182
836,Melbourne Ports,3183
837,Melbourne Ports,3184
838,"Goldstein, Melbourne Ports",3185
839,Goldstein,3186
840,Goldstein,3187
841,Goldstein,3188
842,Hotham,3189
843,"Goldstein, Hotham",3190
844,Goldstein,3191
845,"Goldstein, Hotham",3192
846,Goldstein,3193
847,"Hotham, Isaacs",3194
848,Isaacs,3195
849,Isaacs,3196
850,Isaacs,3197
851,Dunkley,3198
852,Dunkley,3199
853,Dunkley,3200
854,"Isaacs, Dunkley",3201
855,Hotham,3202
856,"Goldstein, Higgins, Hotham",3204
857,Melbourne Ports,3205
858,Melbourne Ports,3206
859,Melbourne Ports,3207
860,"Lalor, Corio",3211
861,Corio,3212
862,Corio,3214
863,Corio,3215
864,Corangamite,3216
865,Corangamite,3217
866,"Corio, Corangamite",3218
867,Corio,3219
868,Corio,3220
869,Corangamite,3221
870,"Corio, Corangamite",3222
871,Corio,3223
872,"Corangamite, Corio",3224
873,"Corio, Corangamite",3225
874,Corangamite,3226
875,Corangamite,3227
876,Corangamite,3228
877,Corangamite,3230
878,Corangamite,3231
879,Corangamite,3232
880,Corangamite,3233
881,Corangamite,3235
882,Corangamite,3236
883,"Corangamite, Wannon",3237
884,Corangamite,3238
885,"Corangamite, Wannon",3239
886,Corangamite,3240
887,Corangamite,3241
888,Corangamite,3242
889,Corangamite,3243
890,"Corangamite, Wannon",3249
891,Corangamite,3250
892,"Corangamite, Wannon",3251
893,Corangamite,3254
894,"Corangamite, Wannon",3260
895,Wannon,3264
896,Wannon,3265
897,"Corangamite, Wannon",3266
898,Wannon,3267
899,Wannon,3268
900,Wannon,3269
901,Wannon,3270
902,Wannon,3271
903,Wannon,3272
904,Wannon,3273
905,Wannon,3274
906,Wannon,3275
907,Wannon,3276
908,Wannon,3277
909,Wannon,3278
910,Wannon,3279
911,Wannon,3280
912,Wannon,3281
913,Wannon,3282
914,Wannon,3283
915,Wannon,3284
916,Wannon,3285
917,Wannon,3286
918,Wannon,3287
919,Wannon,3289
920,Wannon,3292
921,Wannon,3293
922,Wannon,3294
923,Wannon,3300
924,Wannon,3301
925,Wannon,3302
926,Wannon,3303
927,Wannon,3304
928,Wannon,3305
929,Wannon,3309
930,Wannon,3310
931,Wannon,3311
932,"Wannon, Mallee",3312
933,Wannon,3314
934,"Wannon, Mallee",3315
935,"Mallee, Wannon",3317
936,Mallee,3318
937,Mallee,3319
938,Corangamite,3321
939,"Corangamite, Wannon",3322
940,Wannon,3323
941,Wannon,3324
942,Wannon,3325
943,Corangamite,3328
944,Corangamite,3329
945,Corangamite,3330
946,Corangamite,3331
947,Corangamite,3332
948,"Corangamite, Ballarat",3333
949,"Ballarat, Corangamite",3334
950,Gorton,3335
951,"Gorton, McEwen",3337
952,Gorton,3338
953,"Ballarat, Corio, Gorton",3340
954,Ballarat,3341
955,"Ballarat, Corangamite",3342
956,Ballarat,3345
957,Ballarat,3350
958,"Ballarat, Corangamite, Wannon",3351
959,"Ballarat, Corangamite, Wannon",3352
960,,3353
961,,3354
962,Ballarat,3355
963,Ballarat,3356
964,Ballarat,3357
965,"Corangamite, Wannon",3360
966,Wannon,3361
967,Ballarat,3363
968,"Ballarat, Bendigo, Wannon",3364
969,"Ballarat, Wannon",3370
970,"Ballarat, Wannon",3371
971,Wannon,3373
972,"Mallee, Wannon",3374
973,Wannon,3375
974,"Wannon, Mallee",3377
975,Wannon,3378
976,Wannon,3379
977,Mallee,3380
978,"Mallee, Wannon",3381
979,"Mallee, Wannon",3384
980,Mallee,3385
981,Mallee,3387
982,Mallee,3388
983,Mallee,3390
984,Mallee,3391
985,Mallee,3392
986,Mallee,3393
987,Mallee,3395
988,Mallee,3396
989,,3399
990,Mallee,3400
991,"Mallee, Wannon",3401
992,,3402
993,Wannon,3407
994,Mallee,3409
995,Mallee,3412
996,Mallee,3413
997,Mallee,3414
998,Mallee,3415
999,Mallee,3418
1000,Mallee,3419
1001,Mallee,3420
1002,Mallee,3423
1003,Mallee,3424
1004,"Gorton, McEwen",3427
1005,McEwen,3428
1006,McEwen,3429
1007,McEwen,3430
1008,McEwen,3431
1009,McEwen,3432
1010,McEwen,3433
1011,McEwen,3434
1012,"Bendigo, McEwen",3435
1013,"McEwen, Bendigo",3437
1014,McEwen,3438
1015,Bendigo,3440
1016,Bendigo,3441
1017,"Bendigo, McEwen",3442
1018,"Bendigo, Ballarat",3444
1019,"Ballarat, Bendigo",3446
1020,"Ballarat, Bendigo",3447
1021,Bendigo,3448
1022,Bendigo,3450
1023,"Bendigo, Ballarat",3451
1024,Bendigo,3453
1025,"Ballarat, Bendigo",3458
1026,Ballarat,3460
1027,"Ballarat, Bendigo",3461
1028,"Bendigo, Wannon",3462
1029,Bendigo,3463
1030,"Bendigo, Wannon",3464
1031,"Wannon, Mallee",3465
1032,Wannon,3467
1033,Wannon,3468
1034,Wannon,3469
1035,"Bendigo, Wannon, Murray",3472
1036,"Mallee, Wannon, Murray",3475
1037,"Mallee, Murray, Wannon",3477
1038,"Mallee, Wannon",3478
1039,Mallee,3480
1040,Mallee,3482
1041,Mallee,3483
1042,Mallee,3485
1043,Mallee,3487
1044,Mallee,3488
1045,Mallee,3489
1046,Mallee,3490
1047,Mallee,3491
1048,Mallee,3494
1049,Mallee,3496
1050,Mallee,3498
1051,Mallee,3500
1052,Mallee,3501
1053,,3502
1054,Mallee,3505
1055,Mallee,3506
1056,Mallee,3507
1057,Mallee,3509
1058,Mallee,3512
1059,Bendigo,3515
1060,"Bendigo, Murray",3516
1061,Murray,3517
1062,"Murray, Mallee",3518
1063,Murray,3520
1064,McEwen,3521
1065,"Bendigo, McEwen",3522
1066,"Bendigo, Murray",3523
1067,"Mallee, Murray",3525
1068,"Mallee, Murray",3527
1069,Mallee,3529
1070,Mallee,3530
1071,Mallee,3531
1072,Mallee,3533
1073,"Murray, Mallee",3537
1074,Mallee,3540
1075,Mallee,3542
1076,Mallee,3544
1077,Mallee,3546
1078,Mallee,3549
1079,Bendigo,3550
1080,"Bendigo, Murray",3551
1081,,3552
1082,,3554
1083,Bendigo,3555
1084,"Bendigo, Murray",3556
1085,"Bendigo, Murray",3557
1086,"Bendigo, Murray",3558
1087,"Bendigo, Murray",3559
1088,Murray,3561
1089,Murray,3562
1090,Murray,3563
1091,Murray,3564
1092,Murray,3565
1093,Murray,3566
1094,"Mallee, Murray",3567
1095,Mallee,3568
1096,"Murray, Bendigo",3570
1097,Murray,3571
1098,Murray,3572
1099,Murray,3573
1100,Murray,3575
1101,Murray,3576
1102,"Mallee, Murray",3579
1103,Mallee,3580
1104,Mallee,3581
1105,Mallee,3583
1106,Mallee,3584
1107,"Mallee, Farrer",3585
1108,"Mallee, Farrer",3586
1109,Mallee,3588
1110,Mallee,3589
1111,Mallee,3590
1112,Mallee,3591
1113,Mallee,3594
1114,Mallee,3595
1115,Mallee,3596
1116,Mallee,3597
1117,Mallee,3599
1118,Murray,3607
1119,Murray,3608
1120,Murray,3610
1121,Murray,3612
1122,Murray,3614
1123,Murray,3616
1124,Murray,3617
1125,Murray,3618
1126,,3619
1127,Murray,3620
1128,Murray,3621
1129,Murray,3622
1130,Murray,3623
1131,Murray,3624
1132,Murray,3629
1133,Murray,3630
1134,Murray,3631
1135,,3632
1136,Murray,3633
1137,Murray,3634
1138,Murray,3635
1139,Murray,3636
1140,Murray,3637
1141,Murray,3638
1142,Murray,3639
1143,Murray,3640
1144,Murray,3641
1145,,3643
1146,"Farrer, Murray",3644
1147,"Murray, Indi",3646
1148,Murray,3647
1149,Murray,3649
1150,"McEwen, Indi",3658
1151,McEwen,3659
1152,"Indi, McEwen",3660
1153,,3661
1154,McEwen,3662
1155,"McEwen, Murray",3663
1156,"McEwen, Murray",3664
1157,Murray,3665
1158,"Murray, Indi, McEwen",3666
1159,"Indi, Murray",3669
1160,"Indi, Murray",3670
1161,,3671
1162,Indi,3672
1163,Indi,3673
1164,Indi,3675
1165,,3676
1166,Indi,3677
1167,Indi,3678
1168,Indi,3682
1169,Indi,3683
1170,Indi,3685
1171,Indi,3687
1172,Indi,3688
1173,,3689
1174,Indi,3690
1175,"Indi, Farrer",3691
1176,,3694
1177,Indi,3695
1178,Indi,3697
1179,Indi,3698
1180,"Indi, Gippsland",3699
1181,Indi,3700
1182,"Indi, Gippsland",3701
1183,Indi,3704
1184,Indi,3705
1185,"Indi, Eden-Monaro, Gippsland",3707
1186,Indi,3708
1187,Indi,3709
1188,Indi,3711
1189,Indi,3712
1190,Indi,3713
1191,Indi,3714
1192,Indi,3715
1193,"Indi, McEwen",3717
1194,Indi,3718
1195,Indi,3719
1196,Indi,3720
1197,Indi,3722
1198,"Indi, Casey, Gippsland",3723
1199,,3724
1200,"Indi, Murray",3725
1201,Indi,3726
1202,Indi,3727
1203,"Indi, Murray",3728
1204,"Murray, Indi",3730
1205,Indi,3732
1206,Indi,3733
1207,Indi,3735
1208,,3736
1209,Indi,3737
1210,Indi,3738
1211,Indi,3739
1212,Indi,3740
1213,Indi,3741
1214,Indi,3744
1215,Indi,3746
1216,Indi,3747
1217,Indi,3749
1218,"Scullin, McEwen",3750
1219,McEwen,3751
1220,"Scullin, McEwen",3752
1221,McEwen,3753
1222,"Scullin, McEwen",3754
1223,McEwen,3755
1224,McEwen,3756
1225,"McEwen, Indi",3757
1226,McEwen,3758
1227,McEwen,3759
1228,McEwen,3760
1229,McEwen,3761
1230,McEwen,3762
1231,"McEwen, Indi",3763
1232,McEwen,3764
1233,"Casey, La Trobe",3765
1234,Casey,3766
1235,"Casey, La Trobe",3767
1236,Casey,3770
1237,"Casey, McEwen",3775
1238,"Casey, Indi",3777
1239,Indi,3778
1240,Indi,3779
1241,"La Trobe, McMillan",3781
1242,"Casey, La Trobe",3782
1243,"La Trobe, McMillan",3783
1244,La Trobe,3785
1245,La Trobe,3786
1246,La Trobe,3787
1247,"Casey, La Trobe",3788
1248,"Casey, La Trobe",3789
1249,"Casey, La Trobe",3791
1250,Casey,3792
1251,Casey,3793
1252,Casey,3795
1253,Casey,3796
1254,Casey,3797
1255,Casey,3799
1256,,3800
1257,Holt,3802
1258,Holt,3803
1259,"Holt, La Trobe",3804
1260,"Holt, La Trobe",3805
1261,La Trobe,3806
1262,La Trobe,3807
1263,La Trobe,3808
1264,"La Trobe, McMillan",3809
1265,"La Trobe, McMillan",3810
1266,McMillan,3812
1267,McMillan,3813
1268,McMillan,3814
1269,McMillan,3815
1270,"Flinders, McMillan",3816
1271,McMillan,3818
1272,McMillan,3820
1273,McMillan,3821
1274,McMillan,3822
1275,McMillan,3823
1276,"McMillan, Gippsland",3824
1277,"McMillan, Gippsland",3825
1278,McMillan,3831
1279,McMillan,3832
1280,McMillan,3833
1281,McMillan,3835
1282,Gippsland,3840
1283,,3841
1284,Gippsland,3842
1285,Gippsland,3844
1286,Gippsland,3847
1287,Gippsland,3850
1288,Gippsland,3851
1289,Gippsland,3852
1290,,3853
1291,"Gippsland, McMillan",3854
1292,"McMillan, Gippsland",3856
1293,Gippsland,3857
1294,Gippsland,3858
1295,Gippsland,3859
1296,Gippsland,3860
1297,Gippsland,3862
1298,Gippsland,3864
1299,Gippsland,3865
1300,Gippsland,3869
1301,Gippsland,3870
1302,"McMillan, Gippsland",3871
1303,Gippsland,3873
1304,Gippsland,3874
1305,Gippsland,3875
1306,Gippsland,3878
1307,Gippsland,3880
1308,Gippsland,3882
1309,Gippsland,3885
1310,Gippsland,3886
1311,Gippsland,3887
1312,Gippsland,3888
1313,Gippsland,3889
1314,Gippsland,3890
1315,Gippsland,3891
1316,Gippsland,3892
1317,Gippsland,3893
1318,Gippsland,3895
1319,Gippsland,3896
1320,"Gippsland, Indi",3898
1321,Gippsland,3900
1322,Gippsland,3902
1323,Gippsland,3903
1324,Gippsland,3904
1325,Gippsland,3909
1326,Dunkley,3910
1327,"Dunkley, Flinders",3911
1328,Flinders,3912
1329,Flinders,3913
1330,Flinders,3915
1331,Flinders,3916
1332,Flinders,3918
1333,Flinders,3919
1334,Flinders,3920
1335,Flinders,3921
1336,Flinders,3922
1337,Flinders,3923
1338,Flinders,3925
1339,Flinders,3926
1340,Flinders,3927
1341,Flinders,3928
1342,Flinders,3929
1343,Dunkley,3930
1344,Dunkley,3931
1345,Flinders,3933
1346,Flinders,3934
1347,Flinders,3936
1348,Flinders,3937
1349,Flinders,3938
1350,Flinders,3939
1351,Flinders,3940
1352,Flinders,3941
1353,Flinders,3942
1354,Flinders,3943
1355,Flinders,3944
1356,"Flinders, McMillan",3945
1357,McMillan,3946
1358,McMillan,3950
1359,"McMillan, Flinders",3951
1360,McMillan,3953
1361,McMillan,3954
1362,McMillan,3956
1363,McMillan,3957
1364,McMillan,3958
1365,McMillan,3959
1366,McMillan,3960
1367,"McMillan, Gippsland",3962
1368,McMillan,3964
1369,McMillan,3965
1370,"Gippsland, McMillan",3966
1371,"McMillan, Gippsland",3967
1372,Gippsland,3971
1373,"Holt, Isaacs",3975
1374,Holt,3976
1375,"Holt, Dunkley, Flinders, Isaacs",3977
1376,"Holt, Flinders, La Trobe",3978
1377,"Flinders, McMillan",3979
1378,Flinders,3980
1379,"Flinders, McMillan",3981
1380,"Flinders, McMillan",3984
1381,"Flinders, McMillan",3987
1382,McMillan,3988
1383,,3989
1384,Flinders,3990
1385,Flinders,3991
1386,"Flinders, McMillan",3992
1387,"Flinders, McMillan",3995
1388,McMillan,3996
1389,Brisbane,4000
1390,,4001
1391,,4002
1392,,4003
1393,,4004
1394,Brisbane,4005
1395,Brisbane,4006
1396,Brisbane,4007
1397,Lilley,4008
1398,"Brisbane, Lilley",4009
1399,Brisbane,4010
1400,Brisbane,4011
1401,"Lilley, Brisbane",4012
1402,Lilley,4013
1403,Lilley,4014
1404,"Lilley, Petrie",4017
1405,"Lilley, Petrie",4018
1406,Petrie,4019
1407,Petrie,4020
1408,Petrie,4021
1409,Petrie,4022
1410,Bonner,4025
1411,,4029
1412,Brisbane,4030
1413,"Brisbane, Lilley",4031
1414,Lilley,4032
1415,"Lilley, Petrie",4034
1416,"Dickson, Lilley, Petrie",4035
1417,Petrie,4036
1418,Dickson,4037
1419,"Brisbane, Ryan",4051
1420,"Brisbane, Dickson, Lilley, Ryan",4053
1421,"Dickson, Ryan",4054
1422,"Dickson, Ryan",4055
1423,Brisbane,4059
1424,"Brisbane, Ryan",4060
1425,Ryan,4061
1426,"Brisbane, Ryan",4064
1427,"Brisbane, Ryan",4065
1428,"Brisbane, Ryan",4066
1429,Ryan,4067
1430,"Moreton, Ryan",4068
1431,Ryan,4069
1432,Ryan,4070
1433,,4072
1434,Oxley,4073
1435,Oxley,4074
1436,"Moreton, Oxley",4075
1437,Oxley,4076
1438,Oxley,4077
1439,Oxley,4078
1440,Griffith,4101
1441,Griffith,4102
1442,"Griffith, Moreton",4103
1443,Moreton,4104
1444,Moreton,4105
1445,Moreton,4106
1446,Moreton,4107
1447,Moreton,4108
1448,Moreton,4109
1449,"Moreton, Oxley",4110
1450,Moreton,4111
1451,Moreton,4112
1452,"Bonner, Moreton",4113
1453,Rankin,4114
1454,Rankin,4115
1455,Rankin,4116
1456,Rankin,4117
1457,"Forde, Rankin, Wright",4118
1458,Rankin,4119
1459,Griffith,4120
1460,"Bonner, Griffith, Moreton",4121
1461,"Griffith, Bonner",4122
1462,"Bonner, Rankin",4123
1463,"Forde, Wright",4124
1464,"Forde, Wright",4125
1465,"Forde, Rankin",4127
1466,"Forde, Rankin",4128
1467,Forde,4129
1468,Forde,4130
1469,"Forde, Rankin",4131
1470,Rankin,4132
1471,Forde,4133
1472,Griffith,4151
1473,"Bonner, Griffith",4152
1474,Bonner,4153
1475,Bonner,4154
1476,Bonner,4155
1477,Bonner,4156
1478,Bowman,4157
1479,Bowman,4158
1480,Bowman,4159
1481,Bowman,4160
1482,Bowman,4161
1483,Bowman,4163
1484,Bowman,4164
1485,Bowman,4165
1486,Griffith,4169
1487,"Bonner, Griffith",4170
1488,Griffith,4171
1489,"Bonner, Griffith",4172
1490,Bonner,4173
1491,Bonner,4174
1492,Bonner,4178
1493,Bonner,4179
1494,Bowman,4183
1495,Bowman,4184
1496,Forde,4205
1497,"Fadden, Forde, Wright",4207
1498,"Fadden, Forde",4208
1499,"Fadden, Forde",4209
1500,"Fadden, Forde, Wright",4210
1501,"Fadden, Moncrieff, Wright",4211
1502,Fadden,4212
1503,"McPherson, Wright, Moncrieff",4213
1504,"Fadden, Moncrieff",4214
1505,"Fadden, Moncrieff",4215
1506,Fadden,4216
1507,Moncrieff,4217
1508,Moncrieff,4218
1509,,4219
1510,"McPherson, Moncrieff",4220
1511,McPherson,4221
1512,,4222
1513,McPherson,4223
1514,McPherson,4224
1515,McPherson,4225
1516,"McPherson, Moncrieff",4226
1517,McPherson,4227
1518,McPherson,4228
1519,,4229
1520,,4230
1521,Wright,4270
1522,Wright,4271
1523,Wright,4272
1524,Wright,4275
1525,"Forde, Wright",4280
1526,Wright,4285
1527,Wright,4287
1528,"Oxley, Blair",4300
1529,"Oxley, Blair",4301
1530,Blair,4303
1531,Blair,4304
1532,"Blair, Wright",4305
1533,"Blair, Ryan, Maranoa, Wright",4306
1534,"Blair, Wright",4307
1535,Wright,4309
1536,Wright,4310
1537,"Blair, Wright",4311
1538,Blair,4312
1539,Blair,4313
1540,"Blair, Wright",4340
1541,Wright,4341
1542,"Blair, Wright",4342
1543,Wright,4343
1544,Wright,4344
1545,,4345
1546,Blair,4346
1547,Wright,4347
1548,Groom,4350
1549,"Groom, Maranoa, Wright",4352
1550,"Groom, Maranoa",4353
1551,"Groom, Maranoa",4354
1552,"Maranoa, Groom",4355
1553,Groom,4356
1554,Maranoa,4357
1555,"Groom, Maranoa",4358
1556,"Groom, Wright",4359
1557,"Groom, Maranoa",4360
1558,Maranoa,4361
1559,Maranoa,4362
1560,Groom,4363
1561,Groom,4364
1562,Maranoa,4365
1563,Maranoa,4370
1564,Maranoa,4371
1565,Maranoa,4372
1566,Maranoa,4373
1567,Maranoa,4374
1568,"New England, Maranoa",4375
1569,Maranoa,4376
1570,"Maranoa, New England",4377
1571,Maranoa,4378
1572,Maranoa,4380
1573,Maranoa,4381
1574,Maranoa,4382
1575,"New England, Maranoa",4383
1576,Maranoa,4384
1577,"Maranoa, New England",4385
1578,Maranoa,4387
1579,Maranoa,4388
1580,Maranoa,4390
1581,Groom,4400
1582,Groom,4401
1583,"Maranoa, Groom",4402
1584,Groom,4403
1585,"Groom, Maranoa",4404
1586,"Groom, Maranoa",4405
1587,Maranoa,4406
1588,"Groom, Maranoa",4407
1589,Maranoa,4408
1590,Maranoa,4410
1591,Maranoa,4411
1592,Maranoa,4412
1593,Maranoa,4413
1594,Maranoa,4415
1595,Maranoa,4416
1596,Maranoa,4417
1597,Maranoa,4418
1598,"Flynn, Maranoa",4419
1599,"Flynn, Maranoa",4420
1600,Maranoa,4421
1601,Maranoa,4422
1602,Maranoa,4423
1603,Maranoa,4424
1604,Maranoa,4425
1605,Maranoa,4426
1606,Maranoa,4427
1607,Maranoa,4428
1608,"Flynn, Maranoa",4454
1609,Maranoa,4455
1610,Maranoa,4461
1611,Maranoa,4462
1612,Maranoa,4465
1613,Maranoa,4467
1614,Maranoa,4468
1615,Maranoa,4470
1616,,4471
1617,Maranoa,4472
1618,Maranoa,4474
1619,Maranoa,4475
1620,Maranoa,4477
1621,Maranoa,4478
1622,Maranoa,4479
1623,Maranoa,4480
1624,Maranoa,4481
1625,Maranoa,4482
1626,Maranoa,4486
1627,Maranoa,4487
1628,Maranoa,4488
1629,Maranoa,4489
1630,Maranoa,4490
1631,Maranoa,4491
1632,Maranoa,4492
1633,Maranoa,4493
1634,Maranoa,4494
1635,Maranoa,4496
1636,Maranoa,4497
1637,Maranoa,4498
1638,Dickson,4500
1639,Dickson,4501
1640,Dickson,4502
1641,"Dickson, Longman, Petrie",4503
1642,"Longman, Petrie",4504
1643,"Longman, Petrie",4505
1644,Longman,4506
1645,Longman,4507
1646,Petrie,4508
1647,Petrie,4509
1648,Longman,4510
1649,Longman,4511
1650,Longman,4512
1651,"Longman, Blair",4514
1652,Blair,4515
1653,Longman,4516
1654,Fisher,4517
1655,Fisher,4518
1656,Fisher,4519
1657,"Dickson, Ryan",4520
1658,"Dickson, Longman",4521
1659,Fisher,4550
1660,Fisher,4551
1661,"Fisher, Longman",4552
1662,Fisher,4553
1663,Fisher,4554
1664,"Fairfax, Fisher",4555
1665,"Fairfax, Fisher",4556
1666,"Fairfax, Fisher",4557
1667,Fairfax,4558
1668,"Fairfax, Fisher",4559
1669,"Fairfax, Fisher",4560
1670,Fairfax,4561
1671,"Fairfax, Wide Bay",4562
1672,Wide Bay,4563
1673,Fairfax,4564
1674,Wide Bay,4565
1675,Wide Bay,4566
1676,Wide Bay,4567
1677,Wide Bay,4568
1678,Wide Bay,4569
1679,Wide Bay,4570
1680,Wide Bay,4571
1681,"Fairfax, Fisher",4572
1682,"Fairfax, Wide Bay",4573
1683,"Fairfax, Fisher, Wide Bay",4574
1684,Fisher,4575
1685,Wide Bay,4580
1686,Wide Bay,4581
1687,Wide Bay,4600
1688,Wide Bay,4601
1689,"Wide Bay, Flynn",4605
1690,Flynn,4606
1691,"Flynn, Maranoa",4608
1692,"Flynn, Maranoa",4610
1693,Flynn,4611
1694,Flynn,4612
1695,Flynn,4613
1696,Maranoa,4614
1697,"Maranoa, Wide Bay",4615
1698,Wide Bay,4620
1699,"Flynn, Wide Bay",4621
1700,Flynn,4625
1701,"Flynn, Maranoa",4626
1702,Flynn,4627
1703,Flynn,4630
1704,"Hinkler, Wide Bay",4650
1705,"Hinkler, Wide Bay",4655
1706,"Hinkler, Wide Bay",4659
1707,Hinkler,4660
1708,Hinkler,4662
1709,"Hinkler, Flynn",4670
1710,"Hinkler, Flynn",4671
1711,Flynn,4673
1712,Flynn,4674
1713,Flynn,4676
1714,Flynn,4677
1715,Flynn,4678
1716,Flynn,4680
1717,Flynn,4694
1718,Flynn,4695
1719,Flynn,4697
1720,Flynn,4699
1721,"Capricornia, Flynn",4700
1722,Capricornia,4701
1723,"Flynn, Capricornia, Maranoa",4702
1724,Capricornia,4703
1725,Capricornia,4704
1726,Capricornia,4705
1727,Capricornia,4706
1728,Capricornia,4707
1729,Flynn,4709
1730,Capricornia,4710
1731,Capricornia,4711
1732,Flynn,4712
1733,Flynn,4713
1734,Flynn,4714
1735,Flynn,4715
1736,Flynn,4716
1737,Flynn,4717
1738,Flynn,4718
1739,Flynn,4719
1740,Flynn,4720
1741,"Capricornia, Flynn",4721
1742,Flynn,4722
1743,Flynn,4723
1744,Maranoa,4724
1745,Maranoa,4725
1746,Maranoa,4726
1747,Maranoa,4727
1748,Maranoa,4728
1749,Maranoa,4730
1750,Maranoa,4731
1751,"Kennedy, Maranoa",4732
1752,"Kennedy, Maranoa",4733
1753,Maranoa,4735
1754,Maranoa,4736
1755,Capricornia,4737
1756,Capricornia,4738
1757,Capricornia,4739
1758,"Capricornia, Dawson",4740
1759,"Capricornia, Dawson",4741
1760,Capricornia,4742
1761,Capricornia,4743
1762,Capricornia,4744
1763,Capricornia,4745
1764,"Capricornia, Flynn",4746
1765,Dawson,4750
1766,Capricornia,4751
1767,Capricornia,4753
1768,Capricornia,4754
1769,Capricornia,4756
1770,Capricornia,4757
1771,Dawson,4798
1772,Dawson,4799
1773,Dawson,4800
1774,Dawson,4801
1775,Dawson,4802
1776,Dawson,4803
1777,"Capricornia, Dawson",4804
1778,"Capricornia, Dawson",4805
1779,Dawson,4806
1780,"Dawson, Kennedy",4807
1781,Dawson,4808
1782,"Dawson, Kennedy",4809
1783,"Herbert, Dawson",4810
1784,"Herbert, Dawson, Kennedy",4811
1785,Herbert,4812
1786,Herbert,4813
1787,"Herbert, Dawson",4814
1788,"Herbert, Kennedy",4815
1789,"Dawson, Kennedy, Herbert",4816
1790,"Herbert, Kennedy",4817
1791,"Herbert, Kennedy",4818
1792,Herbert,4819
1793,Kennedy,4820
1794,Kennedy,4821
1795,Kennedy,4822
1796,Kennedy,4823
1797,Kennedy,4824
1798,Kennedy,4825
1799,Kennedy,4828
1800,"Kennedy, Maranoa",4829
1801,Kennedy,4830
1802,Kennedy,4849
1803,"Kennedy, Herbert",4850
1804,Kennedy,4852
1805,Kennedy,4854
1806,Kennedy,4855
1807,Kennedy,4856
1808,,4857
1809,Kennedy,4858
1810,Kennedy,4859
1811,Kennedy,4860
1812,Kennedy,4861
1813,Kennedy,4865
1814,Leichhardt,4868
1815,"Leichhardt, Kennedy",4869
1816,"Leichhardt, Kennedy",4870
1817,"Kennedy, Leichhardt",4871
1818,"Kennedy, Leichhardt",4872
1819,Leichhardt,4873
1820,Leichhardt,4874
1821,Leichhardt,4875
1822,Leichhardt,4876
1823,Leichhardt,4877
1824,Leichhardt,4878
1825,Leichhardt,4879
1826,Kennedy,4880
1827,"Kennedy, Leichhardt",4881
1828,Kennedy,4882
1829,Kennedy,4883
1830,Kennedy,4884
1831,Kennedy,4885
1832,Kennedy,4886
1833,Kennedy,4887
1834,Kennedy,4888
1835,Kennedy,4890
1836,Kennedy,4891
1837,Leichhardt,4895
1838,Adelaide,5000
1839,,5001
1840,,5005
1841,Adelaide,5006
1842,"Adelaide, Hindmarsh, Port Adelaide",5007
1843,"Adelaide, Port Adelaide",5008
1844,"Hindmarsh, Port Adelaide",5009
1845,Port Adelaide,5010
1846,Port Adelaide,5011
1847,Port Adelaide,5012
1848,Port Adelaide,5013
1849,Port Adelaide,5014
1850,Port Adelaide,5015
1851,Port Adelaide,5016
1852,Port Adelaide,5017
1853,Port Adelaide,5018
1854,"Hindmarsh, Port Adelaide",5019
1855,Hindmarsh,5020
1856,Hindmarsh,5021
1857,Hindmarsh,5022
1858,"Hindmarsh, Port Adelaide",5023
1859,Hindmarsh,5024
1860,Hindmarsh,5025
1861,"Adelaide, Hindmarsh",5031
1862,Hindmarsh,5032
1863,Hindmarsh,5033
1864,Adelaide,5034
1865,Adelaide,5035
1866,Hindmarsh,5037
1867,Hindmarsh,5038
1868,"Boothby, Hindmarsh",5039
1869,Hindmarsh,5040
1870,Boothby,5041
1871,Boothby,5042
1872,"Hindmarsh, Boothby",5043
1873,"Hindmarsh, Boothby",5044
1874,Hindmarsh,5045
1875,Boothby,5046
1876,Boothby,5047
1877,Boothby,5048
1878,Boothby,5049
1879,Boothby,5050
1880,"Boothby, Mayo",5051
1881,"Boothby, Mayo",5052
1882,Adelaide,5061
1883,Boothby,5062
1884,"Adelaide, Sturt",5063
1885,"Boothby, Sturt",5064
1886,"Adelaide, Sturt",5065
1887,Sturt,5066
1888,"Adelaide, Sturt",5067
1889,Sturt,5068
1890,Adelaide,5069
1891,"Adelaide, Sturt",5070
1892,,5071
1893,"Sturt, Mayo",5072
1894,"Sturt, Mayo",5073
1895,Sturt,5074
1896,Sturt,5075
1897,"Sturt, Mayo",5076
1898,Adelaide,5081
1899,Adelaide,5082
1900,Adelaide,5083
1901,Adelaide,5084
1902,"Adelaide, Makin",5085
1903,"Adelaide, Sturt",5086
1904,Sturt,5087
1905,Sturt,5088
1906,Sturt,5089
1907,"Makin, Sturt",5090
1908,Makin,5091
1909,Makin,5092
1910,Makin,5093
1911,"Makin, Port Adelaide",5094
1912,Makin,5095
1913,Makin,5096
1914,Makin,5097
1915,Makin,5098
1916,Makin,5106
1917,Port Adelaide,5107
1918,"Port Adelaide, Wakefield",5108
1919,"Makin, Wakefield",5109
1920,"Port Adelaide, Wakefield",5110
1921,Wakefield,5111
1922,Wakefield,5112
1923,Wakefield,5113
1924,"Makin, Wakefield, Mayo",5114
1925,Wakefield,5115
1926,Wakefield,5116
1927,Wakefield,5117
1928,Wakefield,5118
1929,Wakefield,5120
1930,Wakefield,5121
1931,Makin,5125
1932,Makin,5126
1933,Makin,5127
1934,"Makin, Mayo",5131
1935,"Sturt, Mayo",5132
1936,Mayo,5133
1937,Mayo,5134
1938,Mayo,5136
1939,Mayo,5137
1940,Mayo,5138
1941,Mayo,5139
1942,Mayo,5140
1943,Mayo,5141
1944,Mayo,5142
1945,Mayo,5144
1946,"Boothby, Sturt",5150
1947,Mayo,5151
1948,"Boothby, Mayo",5152
1949,Mayo,5153
1950,Mayo,5154
1951,Mayo,5155
1952,"Boothby, Mayo",5156
1953,"Kingston, Mayo",5157
1954,"Kingston, Boothby",5158
1955,"Boothby, Kingston, Mayo",5159
1956,Kingston,5160
1957,Kingston,5161
1958,Kingston,5162
1959,Kingston,5163
1960,Kingston,5164
1961,Kingston,5165
1962,Kingston,5166
1963,Kingston,5167
1964,"Kingston, Mayo",5168
1965,"Kingston, Mayo",5169
1966,Kingston,5170
1967,Mayo,5171
1968,Mayo,5172
1969,"Kingston, Mayo",5173
1970,"Kingston, Mayo",5174
1971,Mayo,5201
1972,Mayo,5202
1973,Mayo,5203
1974,Mayo,5204
1975,Mayo,5210
1976,Mayo,5211
1977,Mayo,5212
1978,Mayo,5213
1979,Mayo,5214
1980,Mayo,5220
1981,Mayo,5221
1982,Mayo,5222
1983,Mayo,5223
1984,Mayo,5231
1985,Mayo,5232
1986,Mayo,5233
1987,"Mayo, Barker",5234
1988,"Barker, Mayo",5235
1989,Barker,5236
1990,Barker,5237
1991,Barker,5238
1992,Mayo,5240
1993,Mayo,5241
1994,Mayo,5242
1995,Mayo,5243
1996,"Mayo, Barker",5244
1997,Mayo,5245
1998,,5246
1999,Mayo,5250
2000,Mayo,5251
2001,Mayo,5252
2002,Barker,5253
2003,"Barker, Mayo",5254
2004,"Mayo, Barker",5255
2005,Mayo,5256
2006,Barker,5259
2007,Barker,5260
2008,Barker,5261
2009,Barker,5262
2010,Barker,5263
2011,Barker,5264
2012,Barker,5265
2013,Barker,5266
2014,Barker,5267
2015,Barker,5268
2016,Barker,5269
2017,Barker,5270
2018,Barker,5271
2019,Barker,5272
2020,Barker,5273
2021,Barker,5275
2022,Barker,5276
2023,Barker,5277
2024,Barker,5278
2025,Barker,5279
2026,Barker,5280
2027,Barker,5290
2028,Barker,5291
2029,Barker,5301
2030,Barker,5302
2031,Barker,5303
2032,Barker,5304
2033,Barker,5306
2034,Barker,5307
2035,Barker,5308
2036,Barker,5309
2037,Barker,5310
2038,Barker,5311
2039,,5312
2040,"Barker, Grey",5320
2041,Barker,5321
2042,Barker,5322
2043,Barker,5330
2044,Barker,5331
2045,Barker,5332
2046,Barker,5333
2047,Barker,5340
2048,"Barker, Mallee",5341
2049,Barker,5342
2050,Barker,5343
2051,Barker,5344
2052,Barker,5345
2053,Barker,5346
2054,Wakefield,5350
2055,"Barker, Wakefield, Mayo",5351
2056,"Barker, Wakefield",5352
2057,Barker,5353
2058,Barker,5354
2059,"Barker, Wakefield",5355
2060,"Barker, Grey, Wakefield",5356
2061,Barker,5357
2062,Wakefield,5360
2063,Wakefield,5371
2064,Wakefield,5372
2065,Wakefield,5373
2066,"Grey, Barker, Wakefield",5374
2067,Grey,5381
2068,Wakefield,5400
2069,Wakefield,5401
2070,Wakefield,5410
2071,Wakefield,5411
2072,Wakefield,5412
2073,"Grey, Wakefield",5413
2074,Wakefield,5414
2075,Wakefield,5415
2076,"Grey, Wakefield",5416
2077,Grey,5417
2078,Grey,5418
2079,Grey,5419
2080,Grey,5420
2081,Grey,5421
2082,Grey,5422
2083,Grey,5431
2084,Grey,5432
2085,Grey,5433
2086,Grey,5434
2087,Grey,5440
2088,Wakefield,5451
2089,Wakefield,5452
2090,"Wakefield, Grey",5453
2091,Grey,5454
2092,Wakefield,5455
2093,Wakefield,5460
2094,"Grey, Wakefield",5461
2095,Grey,5462
2096,"Grey, Wakefield",5464
2097,Grey,5470
2098,Grey,5471
2099,Grey,5472
2100,Grey,5473
2101,Grey,5480
2102,Grey,5481
2103,Grey,5482
2104,Grey,5483
2105,Grey,5485
2106,Grey,5490
2107,Grey,5491
2108,Grey,5493
2109,Grey,5495
2110,Wakefield,5501
2111,Wakefield,5502
2112,Grey,5510
2113,Grey,5520
2114,Grey,5521
2115,Grey,5522
2116,Grey,5523
2117,Grey,5540
2118,"Wakefield, Grey",5550
2119,Grey,5552
2120,Grey,5554
2121,Grey,5555
2122,Grey,5556
2123,Grey,5558
2124,Grey,5560
2125,Grey,5570
2126,Grey,5571
2127,Grey,5572
2128,Grey,5573
2129,Grey,5575
2130,Grey,5576
2131,Grey,5577
2132,Grey,5580
2133,Grey,5581
2134,Grey,5582
2135,Grey,5583
2136,Grey,5600
2137,Grey,5601
2138,Grey,5602
2139,Grey,5603
2140,Grey,5604
2141,Grey,5605
2142,Grey,5606
2143,Grey,5607
2144,Grey,5608
2145,Grey,5609
2146,Grey,5630
2147,Grey,5631
2148,Grey,5632
2149,Grey,5633
2150,Grey,5640
2151,Grey,5641
2152,Grey,5642
2153,Grey,5650
2154,Grey,5651
2155,Grey,5652
2156,Grey,5653
2157,Grey,5654
2158,Grey,5655
2159,Grey,5660
2160,Grey,5661
2161,Grey,5670
2162,Grey,5671
2163,Grey,5680
2164,Grey,5690
2165,Grey,5700
2166,Grey,5710
2167,Grey,5720
2168,Grey,5722
2169,Grey,5723
2170,Grey,5724
2171,Grey,5725
2172,Grey,5730
2173,Grey,5731
2174,Grey,5732
2175,Grey,5733
2176,Grey,5734
2177,,5800
2178,,5810
2179,,5839
2180,,5860
2181,,5861
2182,,5862
2183,,5863
2184,,5864
2185,,5865
2186,,5866
2187,,5867
2188,,5868
2189,,5869
2190,,5870
2191,,5871
2192,,5872
2193,,5873
2194,,5874
2195,,5875
2196,,5876
2197,,5877
2198,,5878
2199,,5879
2200,,5880
2201,,5881
2202,,5882
2203,,5883
2204,,5884
2205,,5885
2206,,5886
2207,,5887
2208,,5888
2209,,5889
2210,,5890
2211,,5891
2212,,5892
2213,,5893
2214,,5894
2215,,5895
2216,,5896
2217,,5897
2218,,5898
2219,,5899
2220,,5900
2221,,5901
2222,,5902
2223,,5903
2224,,5904
2225,,5920
2226,,5942
2227,Hindmarsh,5950
2228,Perth,6000
2229,,6001
2230,Perth,6003
2231,Perth,6004
2232,Perth,6005
2233,Perth,6006
2234,"Curtin, Perth",6007
2235,Curtin,6008
2236,Curtin,6009
2237,Curtin,6010
2238,Curtin,6011
2239,Curtin,6012
2240,Curtin,6014
2241,Curtin,6015
2242,"Curtin, Perth",6016
2243,"Curtin, Stirling, Perth",6017
2244,"Curtin, Stirling",6018
2245,"Curtin, Stirling",6019
2246,"Moore, Stirling",6020
2247,Stirling,6021
2248,Stirling,6022
2249,Moore,6023
2250,Cowan,6024
2251,Moore,6025
2252,"Cowan, Moore",6026
2253,Moore,6027
2254,Moore,6028
2255,Stirling,6029
2256,Pearce,6030
2257,Pearce,6031
2258,Pearce,6032
2259,Pearce,6033
2260,Pearce,6034
2261,Pearce,6035
2262,Pearce,6036
2263,Pearce,6037
2264,Pearce,6038
2265,Pearce,6041
2266,Pearce,6042
2267,Pearce,6043
2268,"Pearce, Durack",6044
2269,"Perth, Stirling",6050
2270,Perth,6051
2271,"Perth, Stirling",6052
2272,Perth,6053
2273,"Cowan, Perth",6054
2274,"Hasluck, Pearce, Swan",6055
2275,"Hasluck, Pearce",6056
2276,"Hasluck, Swan",6057
2277,"Hasluck, Swan",6058
2278,"Perth, Stirling",6059
2279,Stirling,6060
2280,Stirling,6061
2281,"Perth, Stirling",6062
2282,Cowan,6063
2283,Cowan,6064
2284,Cowan,6065
2285,Cowan,6066
2286,Cowan,6067
2287,Cowan,6068
2288,Pearce,6069
2289,Hasluck,6070
2290,Hasluck,6071
2291,Hasluck,6072
2292,Hasluck,6073
2293,Hasluck,6074
2294,"Hasluck, Canning",6076
2295,Cowan,6077
2296,Pearce,6078
2297,Pearce,6079
2298,Hasluck,6081
2299,Hasluck,6082
2300,"Hasluck, Pearce",6083
2301,Pearce,6084
2302,Cowan,6090
2303,Swan,6100
2304,Swan,6101
2305,Swan,6102
2306,Swan,6103
2307,Swan,6104
2308,Swan,6105
2309,"Hasluck, Swan",6106
2310,"Hasluck, Swan",6107
2311,Burt,6108
2312,"Hasluck, Canning",6109
2313,"Burt, Canning",6110
2314,"Burt, Canning",6111
2315,"Burt, Canning",6112
2316,Canning,6121
2317,Canning,6122
2318,Canning,6123
2319,Canning,6124
2320,Canning,6125
2321,Canning,6126
2322,"Burt, Tangney",6147
2323,Tangney,6148
2324,Tangney,6149
2325,Tangney,6150
2326,Swan,6151
2327,Swan,6152
2328,Tangney,6153
2329,Tangney,6154
2330,"Burt, Tangney",6155
2331,Tangney,6156
2332,"Fremantle, Tangney",6157
2333,Fremantle,6158
2334,Fremantle,6159
2335,Fremantle,6160
2336,Fremantle,6161
2337,Fremantle,6162
2338,"Fremantle, Tangney",6163
2339,Fremantle,6164
2340,Brand,6165
2341,Fremantle,6166
2342,Brand,6167
2343,Brand,6168
2344,Brand,6169
2345,Brand,6170
2346,Brand,6171
2347,Brand,6172
2348,Brand,6173
2349,Brand,6174
2350,Brand,6175
2351,Brand,6176
2352,Canning,6180
2353,Canning,6181
2354,,6182
2355,Canning,6207
2356,Canning,6208
2357,Canning,6209
2358,Canning,6210
2359,Canning,6211
2360,Canning,6213
2361,Canning,6214
2362,Canning,6215
2363,Forrest,6218
2364,Forrest,6220
2365,Forrest,6221
2366,Forrest,6223
2367,Forrest,6224
2368,"""OConnor"", Forrest",6225
2369,Forrest,6226
2370,Forrest,6227
2371,Forrest,6228
2372,Forrest,6229
2373,Forrest,6230
2374,,6231
2375,Forrest,6232
2376,Forrest,6233
2377,Forrest,6236
2378,Forrest,6237
2379,Forrest,6239
2380,Forrest,6240
2381,"Forrest, ""OConnor""",6243
2382,OConnor,6244
2383,Forrest,6251
2384,Forrest,6252
2385,Forrest,6253
2386,OConnor,6254
2387,OConnor,6255
2388,OConnor,6256
2389,"""OConnor"", Forrest",6258
2390,"Forrest, ""OConnor""",6260
2391,OConnor,6262
2392,Forrest,6271
2393,Forrest,6275
2394,Forrest,6280
2395,Forrest,6281
2396,Forrest,6282
2397,Forrest,6284
2398,Forrest,6285
2399,Forrest,6286
2400,Forrest,6288
2401,Forrest,6290
2402,Pearce,6302
2403,Pearce,6304
2404,OConnor,6306
2405,OConnor,6308
2406,OConnor,6309
2407,OConnor,6311
2408,OConnor,6312
2409,OConnor,6313
2410,OConnor,6315
2411,OConnor,6316
2412,OConnor,6317
2413,OConnor,6318
2414,OConnor,6320
2415,OConnor,6321
2416,OConnor,6322
2417,OConnor,6323
2418,OConnor,6324
2419,OConnor,6326
2420,OConnor,6327
2421,OConnor,6328
2422,OConnor,6330
2423,,6331
2424,,6332
2425,OConnor,6333
2426,OConnor,6335
2427,OConnor,6336
2428,OConnor,6337
2429,OConnor,6338
2430,OConnor,6341
2431,OConnor,6343
2432,OConnor,6346
2433,OConnor,6348
2434,OConnor,6350
2435,OConnor,6351
2436,OConnor,6352
2437,OConnor,6353
2438,OConnor,6355
2439,OConnor,6356
2440,OConnor,6357
2441,OConnor,6358
2442,OConnor,6359
2443,OConnor,6361
2444,OConnor,6363
2445,OConnor,6365
2446,OConnor,6367
2447,Durack,6368
2448,Durack,6369
2449,OConnor,6370
2450,OConnor,6372
2451,OConnor,6373
2452,OConnor,6375
2453,Durack,6383
2454,Durack,6384
2455,Durack,6385
2456,Durack,6386
2457,"Canning, ""OConnor""",6390
2458,"Canning, ""OConnor""",6391
2459,OConnor,6392
2460,OConnor,6393
2461,OConnor,6394
2462,OConnor,6395
2463,OConnor,6396
2464,OConnor,6397
2465,OConnor,6398
2466,"Durack, Pearce",6401
2467,Pearce,6403
2468,Durack,6405
2469,Durack,6407
2470,Durack,6409
2471,Durack,6410
2472,Durack,6411
2473,Durack,6412
2474,Durack,6413
2475,Durack,6414
2476,Durack,6415
2477,Durack,6418
2478,Durack,6419
2479,Durack,6420
2480,Durack,6421
2481,Durack,6422
2482,Durack,6423
2483,Durack,6424
2484,Durack,6425
2485,Durack,6426
2486,Durack,6427
2487,Durack,6428
2488,OConnor,6429
2489,OConnor,6430
2490,OConnor,6431
2491,OConnor,6432
2492,,6433
2493,OConnor,6434
2494,,6435
2495,OConnor,6436
2496,OConnor,6437
2497,OConnor,6438
2498,OConnor,6440
2499,OConnor,6442
2500,OConnor,6443
2501,OConnor,6445
2502,OConnor,6446
2503,OConnor,6447
2504,OConnor,6448
2505,OConnor,6450
2506,,6452
2507,Durack,6460
2508,Durack,6461
2509,Durack,6462
2510,Durack,6463
2511,Durack,6465
2512,Durack,6466
2513,Durack,6467
2514,Durack,6468
2515,Durack,6470
2516,Durack,6472
2517,Durack,6473
2518,Durack,6475
2519,Durack,6476
2520,Durack,6477
2521,Durack,6479
2522,Durack,6480
2523,Durack,6484
2524,Durack,6485
2525,Durack,6487
2526,Durack,6488
2527,Durack,6489
2528,Durack,6490
2529,Pearce,6501
2530,Pearce,6502
2531,Pearce,6503
2532,Pearce,6504
2533,Pearce,6505
2534,Durack,6506
2535,Durack,6507
2536,Durack,6509
2537,Durack,6510
2538,Durack,6511
2539,Durack,6512
2540,Durack,6513
2541,Durack,6514
2542,Durack,6515
2543,Durack,6516
2544,Durack,6517
2545,Durack,6518
2546,Durack,6519
2547,Durack,6521
2548,Durack,6522
2549,Durack,6525
2550,Durack,6528
2551,Durack,6530
2552,,6531
2553,Durack,6532
2554,Durack,6535
2555,Durack,6536
2556,Durack,6537
2557,Hasluck,6556
2558,Hasluck,6558
2559,Pearce,6560
2560,Pearce,6562
2561,Pearce,6564
2562,"Durack, Pearce",6566
2563,Pearce,6567
2564,"Durack, Pearce",6568
2565,Durack,6569
2566,Durack,6571
2567,Durack,6572
2568,Durack,6574
2569,Durack,6575
2570,Durack,6603
2571,Durack,6605
2572,Durack,6606
2573,Durack,6608
2574,Durack,6609
2575,Durack,6612
2576,Durack,6613
2577,Durack,6614
2578,Durack,6616
2579,Durack,6620
2580,Durack,6623
2581,Durack,6625
2582,Durack,6627
2583,Durack,6628
2584,Durack,6630
2585,Durack,6631
2586,Durack,6632
2587,Durack,6635
2588,Durack,6638
2589,Durack,6639
2590,Durack,6640
2591,Durack,6642
2592,Durack,6646
2593,Durack,6701
2594,Durack,6705
2595,Durack,6707
2596,Durack,6710
2597,,6711
2598,Durack,6712
2599,Durack,6713
2600,Durack,6714
2601,Durack,6716
2602,Durack,6718
2603,Durack,6720
2604,Durack,6721
2605,Durack,6722
2606,,6723
2607,Durack,6725
2608,Durack,6726
2609,Durack,6728
2610,,6731
2611,,6733
2612,Durack,6740
2613,Durack,6743
2614,Durack,6751
2615,Durack,6753
2616,Durack,6754
2617,Durack,6758
2618,Durack,6760
2619,,6761
2620,Durack,6762
2621,Durack,6765
2622,Durack,6770
2623,Lingiari,6798
2624,Lingiari,6799
2625,,6800
2626,,6803
2627,,6809
2628,,6817
2629,,6820
2630,,6827
2631,,6830
2632,,6831
2633,,6832
2634,,6837
2635,,6838
2636,,6839
2637,,6840
2638,,6841
2639,,6842
2640,,6843
2641,,6844
2642,,6845
2643,,6846
2644,,6847
2645,,6848
2646,,6849
2647,,6850
2648,,6865
2649,,6872
2650,,6892
2651,,6900
2652,,6901
2653,,6902
2654,,6903
2655,,6904
2656,,6905
2657,,6906
2658,,6907
2659,,6909
2660,,6910
2661,,6911
2662,,6912
2663,,6913
2664,,6914
2665,,6915
2666,,6916
2667,,6917
2668,,6918
2669,,6919
2670,,6920
2671,,6921
2672,,6922
2673,,6923
2674,,6924
2675,,6925
2676,,6926
2677,,6929
2678,,6931
2679,,6932
2680,,6933
2681,,6934
2682,,6935
2683,,6936
2684,,6937
2685,,6938
2686,,6939
2687,,6940
2688,,6941
2689,,6942
2690,,6943
2691,,6944
2692,,6945
2693,,6946
2694,,6947
2695,,6951
2696,,6952
2697,,6953
2698,,6954
2699,,6955
2700,,6956
2701,,6957
2702,,6958
2703,,6959
2704,,6960
2705,,6961
2706,,6963
2707,,6964
2708,,6965
2709,,6966
2710,,6967
2711,,6968
2712,,6969
2713,,6970
2714,,6979
2715,,6980
2716,,6981
2717,,6982
2718,,6983
2719,,6984
2720,,6985
2721,,6986
2722,,6987
2723,,6988
2724,,6989
2725,,6990
2726,,6991
2727,,6992
2728,,6997
2729,Denison,7000
2730,,7001
2731,,7002
2732,Denison,7004
2733,Denison,7005
2734,,7006
2735,Denison,7007
2736,Denison,7008
2737,Denison,7009
2738,Denison,7010
2739,"Denison, Lyons",7011
2740,"Denison, Lyons",7012
2741,Franklin,7015
2742,Franklin,7016
2743,"Franklin, Lyons",7017
2744,Franklin,7018
2745,Franklin,7019
2746,Franklin,7020
2747,Franklin,7021
2748,Franklin,7022
2749,Franklin,7023
2750,Franklin,7024
2751,"Franklin, Lyons",7025
2752,"Franklin, Lyons",7026
2753,Lyons,7027
2754,"Denison, Lyons",7030
2755,"Denison, Franklin",7050
2756,,7051
2757,Franklin,7052
2758,Denison,7053
2759,"Denison, Franklin",7054
2760,Franklin,7055
2761,"Denison, Franklin",7109
2762,Franklin,7112
2763,Franklin,7113
2764,Franklin,7116
2765,Franklin,7117
2766,Lyons,7119
2767,Lyons,7120
2768,Lyons,7139
2769,Lyons,7140
2770,"Franklin, Denison",7150
2771,,7151
2772,Franklin,7155
2773,Franklin,7162
2774,Franklin,7163
2775,Franklin,7170
2776,Lyons,7171
2777,"Franklin, Lyons",7172
2778,Lyons,7173
2779,Lyons,7174
2780,Lyons,7175
2781,Lyons,7176
2782,Lyons,7177
2783,Lyons,7178
2784,Lyons,7179
2785,Lyons,7180
2786,Lyons,7182
2787,Lyons,7183
2788,Lyons,7184
2789,Lyons,7185
2790,Lyons,7186
2791,Lyons,7187
2792,Lyons,7190
2793,Lyons,7209
2794,Lyons,7210
2795,Lyons,7211
2796,"Bass, Lyons",7212
2797,Lyons,7213
2798,Lyons,7214
2799,Lyons,7215
2800,Lyons,7216
2801,Bass,7248
2802,"Bass, Lyons",7249
2803,"Bass, Lyons",7250
2804,Bass,7252
2805,Bass,7253
2806,Bass,7254
2807,Bass,7255
2808,Braddon,7256
2809,Bass,7257
2810,"Bass, Lyons",7258
2811,Bass,7259
2812,Bass,7260
2813,Bass,7261
2814,Bass,7262
2815,Bass,7263
2816,"Bass, Lyons",7264
2817,Bass,7265
2818,Bass,7267
2819,Bass,7268
2820,Lyons,7270
2821,Lyons,7275
2822,Lyons,7276
2823,"Bass, Lyons",7277
2824,"Bass, Lyons",7290
2825,Lyons,7291
2826,Lyons,7292
2827,Lyons,7300
2828,Lyons,7301
2829,Lyons,7302
2830,Lyons,7303
2831,Lyons,7304
2832,Lyons,7305
2833,Lyons,7306
2834,"Lyons, Braddon",7307
2835,"Braddon, Lyons",7310
2836,Braddon,7315
2837,Braddon,7316
2838,Braddon,7320
2839,Braddon,7321
2840,Braddon,7322
2841,Braddon,7325
2842,Braddon,7330
2843,Braddon,7331
2844,Braddon,7466
2845,Braddon,7467
2846,Braddon,7468
2847,Braddon,7469
2848,Braddon,7470
2849,,7800
2850,,7802
2851,,7803
2852,,7804
2853,,7805
2854,,7806
2855,,7807
2856,,7808
2857,,7809
2858,,7810
2859,,7811
2860,,7812
2861,,7813
2862,,7814
2863,,7823
2864,,7824
2865,,7827
2866,,7828
2867,,7829
2868,,7845
2869,,7850
2870,,7901
2871,,7902
2872,,7903
2873,,7904
2874,,7905
2875,,7906
2876,,7907
2877,,7908
2878,,7909
2879,,7910
2880,,7911
2881,,7912
2882,,7913
2883,,7914
2884,,7915
2885,,7916
2886,,7917
2887,,7918
2888,,7919
2889,,7920
2890,,7921
2891,,7922
2892,,7923